player_id,year,y_true_days,y_pred_days,injury_true_flag,injury_prob,injury_pred_flag
aaronlennon,2017,33.0,62.82114675439502,1,0.9984207373880445,1
aaronmooy,2017,26.0,19.497466769089677,0,0.0009677286510413689,0
aaronramsey,2017,44.0,109.25862712751723,1,0.9995763502108598,1
aaronramsey,2017,44.0,109.25862712751723,1,0.9995763502108598,1
adamlallana,2017,160.0,126.71137640374093,1,0.9993457677781807,1
adamsmith,2017,49.0,107.46392954014365,1,0.9999239075394792,1
adamsmith,2017,49.0,106.5896944148366,1,0.9999176546252372,1
adamsmith,2017,49.0,89.17340749415523,1,0.9985049276262916,1
adamsmith,2017,49.0,88.05950305031496,1,0.9979025765347707,1
aleksandarmitrovic,2017,41.0,27.262922846645594,1,0.4952947173149317,0
alexandrelacazette,2017,44.0,18.07092661062523,1,0.22688766728190007,0
alexpritchard,2017,132.0,43.15355725746594,1,0.9919027492774853,1
andreaschristensen,2017,12.0,10.34116872548053,0,0.13124942358753555,0
andrewrobertson,2017,2.0,77.20708066516143,0,0.9960435350441676,1
andycarroll,2017,99.0,230.9491739039164,1,0.9082572735502025,1
anthonymartial,2017,14.0,25.928645038902626,0,0.046048448077004915,0
ashleybarnes,2017,64.0,61.72462050851075,1,0.7848040040613706,1
bakarysako,2017,255.0,87.11719360563195,1,0.9963782454467636,1
benchilwell,2017,59.0,40.56421569489115,1,0.9999204428036879,1
benikafobe,2017,21.0,101.4659139962492,0,0.9389094727676078,1
benjaminmendy,2017,247.0,178.34730165935613,1,0.995922705901913,1
benmee,2017,57.0,74.47739769822742,1,0.9992292989492527,1
beramkayal,2017,71.0,43.16975612274747,1,0.9999342038327653,1
bradsmith,2017,136.0,151.8558779194757,1,0.9858752261183221,1
brunomartinsindi,2017,60.0,41.43926587127388,1,0.8546936682214846,1
calumchambers,2017,58.0,155.40724687801773,1,0.9985584860543321,1
charlieaustin,2017,98.0,87.64086982712753,1,0.9971310564308318,1
charlietaylor,2017,5.0,64.11219781361542,0,0.9936720188790568,1
christianatsu,2017,103.0,62.07554911929952,1,0.7057441545030575,1
christianbenteke,2017,55.0,60.94347730261513,1,0.9928140840283195,1
christianfuchs,2017,9.0,28.38205940238028,0,0.3423667313989205,0
chriswood,2017,78.0,85.9836908596301,1,0.9947908763948818,1
ciaranclark,2017,31.0,24.585175013585044,1,0.20816511867962764,0
collinquaner,2017,41.0,76.11970772898572,1,0.9945607227098483,1
costelpantilimon,2017,14.0,61.96866600498866,0,0.8444435494044895,1
craigcathcart,2017,211.0,200.7448821330131,1,0.990095928123163,1
craigdawson,2017,66.0,67.95926438941281,1,0.9986881314571647,1
cucomartina,2017,16.0,40.738762252481095,0,0.02292831565773382,0
daleyblind,2017,89.0,115.11133484906145,1,0.8232918817557531,1
danielamartey,2017,72.0,156.09538685272517,1,0.9998202897459947,1
danielsturridge,2017,122.0,122.78601755546464,1,0.8963962278768992,1
dannydrinkwater,2017,130.0,112.01639488632202,1,0.924529246950594,1
dannyrose,2017,293.0,72.71786097961954,1,0.9596150335582292,1
dannyrose,2017,293.0,72.1869152763362,1,0.9174464952824722,1
dannyrose,2017,293.0,54.64508614195016,1,0.982922121785001,1
dannyrose,2017,293.0,55.580622117978905,1,0.9565373659320774,1
dannyrose,2017,293.0,89.9103112407763,1,0.9716920331943019,1
dannyrose,2017,293.0,90.27809524644856,1,0.8637565159681895,1
dannysimpson,2017,38.0,49.238261619316326,1,0.7707264566690855,1
dannyward,2017,259.0,335.42252225137156,1,0.9968147220578845,1
dannyward,2017,259.0,268.7389954594753,1,0.9964558568254821,1
dannyward,2017,259.0,342.1977588082734,1,0.9991056904452218,1
dannyward,2017,259.0,286.4737163542573,1,0.9993186566696958,1
dannywelbeck,2017,57.0,-8.62694838438384,1,0.20615322584251378,0
dannywilliams,2017,183.0,111.90537367671065,1,0.9993557968643314,1
dannywilliams,2017,183.0,111.90537367671065,1,0.9993557968643314,1
dannywilliams,2017,183.0,160.5710986317298,1,0.9990561107683202,1
dannywilliams,2017,183.0,160.5710986317298,1,0.9990561107683202,1
daryljanmaat,2017,26.0,42.19022557639781,0,0.8571583370340768,1
davidospina,2017,31.0,20.370144912259875,1,0.1204379355051906,0
davidsilva,2017,11.0,69.92092034369428,0,0.9276594594371764,1
davyklaassen,2017,15.0,30.866578770137735,0,0.2312429160082431,0
deandreyedlin,2017,43.0,25.348072098902108,1,0.17207992749959122,0
deanmarney,2017,34.0,347.21449858474995,1,0.9480631305894426,1
dejanlovren,2017,13.0,13.578857471306668,0,0.20306240269924683,0
delealli,2017,13.0,9.168035621357175,0,0.03134928959297981,0
diafrasakho,2017,18.0,224.08608696890505,0,0.9969918240994616,1
divockorigi,2017,18.0,44.365940778083875,0,0.0015442995246810493,0
dwightgayle,2017,15.0,99.12974947273186,0,0.36007734316427215,0
edimilsonfernandes,2017,144.0,174.3306710480783,1,0.994036539446023,1
eliaquimmangala,2017,262.0,40.251510403985456,1,0.998837061477158,1
eliaskachunga,2017,147.0,63.755628955765665,1,0.9998186650282548,1
emrecan,2017,68.0,85.73295930537233,1,0.9995875075810833,1
ericbailly,2017,121.0,125.9933585305642,1,0.9992605952726454,1
erikpieters,2017,17.0,40.371715360274074,0,0.5325761232222213,1
ethanampadu,2017,123.0,241.4783513480973,1,0.5095554998868941,1
fabiandelph,2017,61.0,74.68668636044696,1,0.9999660437022028,1
florianlejeune,2017,28.0,21.191864659522235,0,0.9991741709860869,1
franciscoquelin,2017,232.0,90.64744479994188,1,0.9958431607638932,1
garethbarry,2017,104.0,52.43846403849363,1,0.9421911015168906,1
geoffcameron,2017,34.0,93.84754079421984,1,0.9999931873096009,1
georginiowijnaldum,2017,11.0,14.502402964802805,0,0.012868202010132845,0
glennmurray,2017,21.0,-1.0040954559950928,0,0.003940327418492649,0
granitxhaka,2017,9.0,-3.389016289842488,0,0.0008938342245210152,0
guidocarrillo,2017,25.0,198.94795631352133,0,0.9932468412794201,1
harrykane,2017,35.0,45.48351820864021,1,0.3879103643924304,0
harrywinks,2017,186.0,153.4855446051737,1,0.9981668355824239,1
henrikhmkhitaryan,2017,23.0,53.35088726421566,0,0.9917595758453451,1
hugolloris,2017,14.0,33.34694688922489,0,0.9772952302100107,1
isaacsuccess,2017,75.0,217.35796390620803,1,0.9973993802653023,1
islamslimani,2017,39.0,31.972747815516517,1,0.8224823651227477,1
jackbutland,2017,10.0,28.273781765005484,0,0.013768251625975269,0
jamaallascelles,2017,28.0,46.05426821597182,0,0.022645762382913052,0
jamescollins,2017,126.0,71.99307793577155,1,0.9992152908534649,1
jamescollins,2017,126.0,56.23271445736841,1,0.9995608316077705,1
jamescollins,2017,126.0,74.38810279870147,1,0.9999983573439937,1
jamescollins,2017,126.0,56.010824123180356,1,0.9999991360321364,1
jamesmccarthy,2017,502.0,207.56189289512014,1,0.9951775963372806,1
jamesmorrison,2017,238.0,194.67933461205132,1,0.9169556358527187,1
jamestarkowski,2017,96.0,49.03240958185191,1,0.9704999199980513,1
jaroslawjach,2017,12.0,81.3707401781842,0,0.37562069727298847,0
jeffhendrick,2017,29.0,17.02926828749214,0,0.0032728752067298366,0
jeffreyschlupp,2017,56.0,83.95180421127313,1,0.9944514928235486,1
jermaindefoe,2017,66.0,42.87494276799639,1,0.9988589596380797,1
joeallen,2017,10.0,29.63568914843909,0,0.004942211540325219,0
joelmatip,2017,116.0,76.77444486703166,1,0.9986150214582835,1
johnstones,2017,74.0,116.37484626030583,1,0.9994520033766084,1
jonathanhogg,2017,46.0,40.18315050118714,1,0.999814969969273,1
jonathanwalters,2017,190.0,210.2584640972246,1,0.9941791109560628,1
jonnyevans,2017,31.0,72.6254164708962,1,0.9998641293953422,1
jordanhenderson,2017,45.0,76.49713172591602,1,0.9991155830663025,1
jordonmutch,2017,64.0,250.55335088326012,1,0.9723347175054449,1
joshuaking,2017,7.0,23.01937789521223,0,0.021693736748454682,0
julienngoy,2017,46.0,22.246767617655834,1,0.07342261723257372,0
juniorstanislas,2017,180.0,176.98802941384827,1,0.997035585163639,1
karldarlow,2017,21.0,59.99608201016547,0,0.9848362922868852,1
kaseypalmer,2017,82.0,129.2864123641197,1,0.9983331619601122,1
kasperschmeichel,2017,29.0,38.2795071883801,0,0.9726758106835668,1
kelechiiheanacho,2017,4.0,-1.10110639632594,0,0.2275349842696604,0
kierantrippier,2017,14.0,26.90980709612454,0,0.9377147428511945,1
konstantinosstafylidis,2017,196.0,166.0067540452037,1,0.9993277865906808,1
kurtzouma,2017,7.0,33.842218767839,0,0.2034335995877743,0
kylebartley,2017,202.0,171.71193306790906,1,0.9935668248911688,1
laurentkoscielny,2017,223.0,56.20698303083788,1,0.6342780895975748,1
leegrant,2017,50.0,79.75885020838103,1,0.9947796397557651,1
leightonbaines,2017,94.0,39.43756991726009,1,0.8660808510193349,1
leonbritton,2017,92.0,121.13321918764474,1,0.5252317557555314,1
leroyfer,2017,188.0,266.0903549711128,1,0.9999529646850067,1
loriskarius,2017,14.0,15.287718589007273,0,0.9889509095593703,1
lukamilivojevic,2017,2.0,-1.6287082073749077,0,4.143312664530926e-05,0
maartenstekelenburg,2017,208.0,191.06073828350512,1,0.9999225873975658,1
mamadousakho,2017,50.0,154.85537090540063,1,0.9943520862468536,1
manuellanzini,2017,90.0,82.00531972201841,1,0.9991770856709987,1
marcosrojo,2017,6.0,202.77092768864307,0,0.9999488538232347,1
marcpugh,2017,130.0,74.41853227483404,1,0.9999593425358424,1
mariolemina,2017,24.0,68.14338034217296,0,0.9726303607562309,1
marknoble,2017,15.0,36.890780489548604,0,0.05813083415480436,0
markoarnautovic,2017,13.0,12.746106906505478,0,0.4698445287112032,0
marouanefellaini,2017,152.0,63.85410566034469,1,0.9744897867073952,1
martincranie,2017,57.0,213.27394416484452,1,0.9875272014369048,1
martinolsson,2017,25.0,-0.1985603298102355,0,0.0017874885222869197,0
masonholgate,2017,54.0,41.47756445796619,1,0.9995766692224242,1
massadiohaidara,2017,51.0,46.537609971923025,1,0.9993823225069883,1
mathieudebuchy,2017,181.0,112.24837284277035,1,0.999258312668454,1
matthewlowton,2017,18.0,57.56605612596872,0,0.9975505221598643,1
mattphillips,2017,36.0,73.96774485009625,1,0.9769013396238728,1
mattritchie,2017,75.0,61.66159743760063,1,0.29831146600279285,0
matttargett,2017,27.0,211.21900907492568,0,0.9337143017111689,1
mattyjames,2017,412.0,215.3054876950284,1,0.99593183262041,1
mayayoshida,2017,37.0,21.016160030200716,1,0.9280043534393587,1
michaelcarrick,2017,122.0,141.12670632069015,1,0.9691239191393805,1
michaelhefele,2017,215.0,173.12231231646473,1,0.9986720454423379,1
michaelkeane,2017,8.0,18.161228967006192,0,0.016858780791149035,0
michailantonio,2017,212.0,246.74389068387572,1,0.999820262447238,1
michelvorm,2017,14.0,15.786753569279469,0,0.06275798525162186,0
michybatshuayi,2017,56.0,-0.008936786325299304,1,0.0006851890805027617,0
mohamedelneny,2017,20.0,44.942903179442574,0,0.00048655796825969354,0
mohamedsalah,2017,18.0,20.78497452508713,0,0.10371961896329357,0
morganschneiderlin,2017,8.0,-4.9432692933833975,0,0.011763034064112773,0
nacerchadli,2017,164.0,253.5636669149892,1,0.9896111777246306,1
nahkiwells,2017,220.0,95.27446766348211,1,0.9963539438333345,1
nathanielchalobah,2017,340.0,215.1348068037249,1,0.4487533403036967,0
nathanielclyne,2017,257.0,157.7777049771778,1,0.9909995099236182,1
nordinamrabat,2017,24.0,55.914470336620425,0,0.833413773384724,1
oliverburke,2017,12.0,34.31548026522899,0,0.9313179032056681,1
oliviergiroud,2017,49.0,48.973863700258086,1,0.9786475541251469,1
patrickvanaanholt,2017,28.0,40.49877095255813,0,0.9952595431296127,1
pauldummett,2017,116.0,137.94498070016087,1,0.9998090444501152,1
paulpogba,2017,63.0,59.02945953627145,1,0.8990708966275689,1
philfoden,2017,50.0,69.52704469716147,1,0.27641886228312956,0
philipbilling,2017,91.0,91.72550454704283,1,0.11284945124195596,0
philjagielka,2017,23.0,39.9819949172161,0,0.6207619200432973,1
philjones,2017,71.0,40.786593718024996,1,0.9513580877089227,1
raheemsterling,2017,35.0,21.4168349789156,1,0.19807402221256806,0
ramirofunesmori,2017,202.0,235.56421760835033,1,0.7910283605785355,1
reeceoxford,2017,80.0,87.81472983883013,1,0.9857122600964888,1
robbiebrady,2017,329.0,118.89779044696691,1,0.4548527048717192,0
robertopereyra,2017,57.0,34.77157427525617,1,0.9922353063162893,1
romelulukaku,2017,24.0,5.266112857956779,0,0.025941274100452556,0
rossbarkley,2017,190.0,229.4496169461314,1,0.8740185803594049,1
ryanbertrand,2017,17.0,36.68822778718422,0,0.7242167781686389,1
ryanshawcross,2017,46.0,54.55295843792102,1,0.06688081204659037,0
sambaldock,2017,107.0,63.52709714080713,1,0.9940025448846288,1
sambyram,2017,236.0,174.12200781894194,1,0.9982212300822964,1
scottarfield,2017,87.0,36.306632061068235,1,0.9980865487043158,1
scottdann,2017,349.0,110.36195768819249,1,0.1789103386013104,0
seadkolasinac,2017,10.0,49.58199173928922,0,0.6754422710609304,1
sergioromero,2017,165.0,17.85313108095056,1,0.9659387069567817,1
sergioromero,2017,165.0,22.586384337559796,1,0.6853514340171678,1
shinjiokazaki,2017,99.0,41.457671382041596,1,0.9960917320582623,1
shkodranmustafi,2017,60.0,53.68389281134135,1,0.9967926735837824,1
simonfrancis,2017,28.0,29.816183709145246,0,0.29720609919539626,0
sollymarch,2017,4.0,70.32831360907886,0,0.52590745420754,1
stefanookaka,2017,25.0,68.42948371813654,0,0.9797858788432487,1
stephenireland,2017,67.0,201.9131505587444,1,0.9911676877470746,1
stephenward,2017,60.0,69.05342702192908,1,0.9333501148201842,1
stevendavis,2017,89.0,45.148692787298884,1,0.7446053102606796,1
stevendefour,2017,159.0,131.01860055012605,1,0.9956856967761446,1
stevesidwell,2017,300.0,220.56868698980804,1,0.9457804784501663,1
thibautcourtois,2017,32.0,15.411194499671069,1,0.008878209065615473,0
tobyalderweireld,2017,129.0,59.13316195694038,1,0.9986715548009036,1
tomcleverley,2017,121.0,131.29226684776728,1,0.9868080727059692,1
tomheaton,2017,202.0,216.5759392523714,1,0.9997555903105408,1
tomince,2017,16.0,1.6374655936274494,0,0.011525987787986247,0
trevohchalobah,2017,57.0,58.888941300222235,1,0.44238257446363766,0
troydeeney,2017,70.0,88.5688971940839,1,0.9990612619562146,1
tyronemings,2017,221.0,178.35909930435216,1,0.9815770178922678,1
victormoses,2017,42.0,27.534286042052685,1,0.3161919969060905,0
victorwanyama,2017,133.0,98.43180624321549,1,0.859694154031481,1
vincentjanssen,2017,132.0,253.98317181722823,1,0.9982095727588426,1
vincentkompany,2017,123.0,189.07885120005665,1,0.9980357581471578,1
virgilvandijk,2017,25.0,116.0826945006433,0,0.9995504751468431,1
waynehennessey,2017,10.0,34.34392928299925,0,0.9047058863576729,1
waynerooney,2017,28.0,26.64142395999962,0,0.9188863970651421,1
wesmorgan,2017,45.0,59.908622929021945,1,0.5020094014690833,1
wilfredndidi,2017,31.0,20.57364636347892,1,0.004642186387095562,0
wilfriedbony,2017,329.0,191.04540661950256,1,0.9720253891619588,1
wilfriedzaha,2017,118.0,44.957453691343225,1,0.8432552335438761,1
willhughes,2017,88.0,62.69746581412544,1,0.33007521014250646,0
winstonreid,2017,535.0,164.44262280302814,1,0.9988228081508506,1
xherdanshaqiri,2017,11.0,-14.875016240324548,0,0.1629029407683242,0
yohancabaye,2017,48.0,29.191851942749402,1,0.0013614487574897356,0
zlatanibrahimovic,2017,84.0,277.56969860213525,1,0.9994709601868336,1
aaroncresswell,2018,87.0,71.8786729888112,1,0.9997142147878884,1
aaronlennon,2018,166.0,118.23014159293159,1,0.9898435548047022,1
aaronmooy,2018,89.0,30.72279326250309,1,0.62308173867833,1
aaronramsey,2018,157.0,13.827673937998302,1,0.9990663992672777,1
aaronramsey,2018,157.0,23.726348156302347,1,0.9994798731339022,1
abdelhamidsabiri,2018,95.0,180.90812591677354,1,0.9978435551064778,1
aboubakarkamara,2018,42.0,97.58172537811025,1,0.9882262343981763,1
adamlallana,2018,142.0,107.075827898247,1,0.9997637340481396,1
adamsmith,2018,107.0,83.74522975443365,1,0.9345463563669058,1
adamsmith,2018,107.0,95.03145114997965,1,0.9982620539834763,1
adamsmith,2018,107.0,101.71713030137188,1,0.9939886610677632,1
adamsmith,2018,107.0,98.77324459098305,1,0.9955994739873711,1
ademolalookman,2018,78.0,75.43304173151982,1,0.9993535838078867,1
alexandrelacazette,2018,19.0,33.41800078593305,0,0.001310477529753024,0
alexiwobi,2018,1.0,29.67339807680931,0,0.00048437361070127614,0
alexmccarthy,2018,52.0,16.399418496065458,1,0.7674559698642957,1
alexpritchard,2018,16.0,52.56577757397733,0,0.0058562309221969295,0
alexsmithies,2018,50.0,71.62195931146925,1,0.9493500017487108,1
alfiemawson,2018,193.0,291.8243577206568,1,0.9985094687621997,1
alirezajahanbakhsh,2018,68.0,57.70326355456638,1,0.9994021601482442,1
andreaschristensen,2018,15.0,5.517614001435605,0,0.9689497652385172,1
andregray,2018,43.0,49.12869448996238,1,0.93106143392678,1
andrewrobertson,2018,20.0,8.097373061097013,0,0.02017473229900888,0
andrewsurman,2018,82.0,29.995220997394984,1,0.9983924216535134,1
andriyyarmolenko,2018,222.0,284.9586800708348,1,0.9994285216125223,1
andycarroll,2018,337.0,186.26957734892616,1,0.9963333090843065,1
angelgomes,2018,10.0,81.59801826017055,0,0.7859251378344752,1
anthonymartial,2018,55.0,30.888385530837795,1,0.022486513113636915,0
arongunnarsson,2018,79.0,95.1009516476329,1,0.9998845416958971,1
arthurmasuaku,2018,40.0,37.812393630750236,1,0.9578141604778307,1
ashleyyoung,2018,7.0,45.89046492946673,0,0.008917486306706073,0
asmirbegovic,2018,13.0,7.788274385026263,0,0.00040807105966943316,0
aymericlaporte,2018,14.0,14.425167621922327,0,0.06697382705004153,0
bakarysako,2018,16.0,205.66201526957224,0,0.9976489618694117,1
benchilwell,2018,24.0,13.099961764121351,0,0.003912334766629684,0
bendavies,2018,32.0,43.106190481640276,1,0.9979265221333108,1
bendavies,2018,32.0,43.106190481640276,1,0.9979265221333108,1
bendavies,2018,32.0,46.06651943316712,1,0.993914641442338,1
bendavies,2018,32.0,46.06651943316712,1,0.993914641442338,1
bendavies,2018,32.0,34.507631424660985,1,0.9936210745561992,1
bendavies,2018,32.0,35.49858753846274,1,0.9936210745561992,1
bengibson,2018,89.0,95.08347526176439,1,0.9789466792042809,1
benhamer,2018,68.0,35.44146079951672,1,0.9933061718950972,1
benjaminmendy,2018,351.0,259.5831776400553,1,0.9753175268806696,1
benjohnson,2018,7.0,124.97107061166892,0,0.5751034557169638,1
benwilmot,2018,23.0,102.99252571066687,0,0.2713270510827966,0
beramkayal,2018,10.0,39.91819483840529,0,0.01784813293383056,0
berndleno,2018,35.0,15.488867189001434,1,0.030593554823464264,0
callumpaterson,2018,73.0,66.12304205624135,1,0.9998882873808036,1
callumwilson,2018,72.0,42.5183043523396,1,0.5853432994955017,1
callumwilson,2018,72.0,66.68592478432471,1,0.948568837419645,1
calumchambers,2018,22.0,24.32111433087471,0,0.9679930947478546,1
carljenkinson,2018,72.0,218.57961680563778,1,0.9997329313389596,1
cenktosun,2018,61.0,21.946656950471514,1,0.3524632095879509,0
charlieaustin,2018,32.0,25.134122216698724,1,0.5625879145621417,1
charliedaniels,2018,190.0,124.98929144746498,1,0.9997526182127787,1
chrissmalling,2018,57.0,72.35024934677817,1,0.9833921448031748,1
christianbenteke,2018,146.0,126.99659834317822,1,0.999699913527914,1
christianeriksen,2018,28.0,35.288746432457344,0,0.19572207639416653,0
christiankabasele,2018,22.0,46.13988749879066,0,0.8642990841566918,1
christopherschindler,2018,17.0,2.9454963598868367,0,0.0026248162900080994,0
chriswood,2018,7.0,9.498281299680155,0,0.013725643171726223,0
ciaranclark,2018,90.0,210.99326121572005,1,0.9992270145420806,1
claudiobravo,2018,264.0,248.58471473408133,1,0.999982278835625,1
claudiobravo,2018,264.0,224.06839904192458,1,0.9999135384013588,1
collinquaner,2018,36.0,127.67727656619086,1,0.862269686553031,1
connorwickham,2018,160.0,205.15652237542892,1,0.9634011789320701,1
dalestephens,2018,34.0,43.195782437531605,1,0.06636056082907903,0
dangosling,2018,72.0,69.11043234176022,1,0.9962576361410723,1
danielamartey,2018,330.0,262.29790950692194,1,0.9993290228195643,1
dannydrinkwater,2018,127.0,222.52273867895403,1,0.9998253730154331,1
dannyings,2018,106.0,123.19282738003571,1,0.9998650744926503,1
dannyrose,2018,49.0,59.379398168386466,1,0.9836839999446924,1
dannyrose,2018,49.0,65.983910972813,1,0.9666680186164718,1
dannyrose,2018,49.0,88.18172804706177,1,0.9982413022232197,1
dannyrose,2018,49.0,88.29031688510062,1,0.9970246170314431,1
dannyrose,2018,49.0,80.76490979739721,1,0.9938570051422154,1
dannyrose,2018,49.0,80.09029968829931,1,0.9909124204254635,1
dannyward,2018,50.0,74.02518133875714,1,0.04848799382915338,0
dannyward,2018,50.0,96.36585139793497,1,0.06343227249288809,0
dannyward,2018,50.0,92.90149023125565,1,0.06833456957717107,0
dannyward,2018,50.0,92.51866664226975,1,0.09806947115846563,0
dannywelbeck,2018,203.0,127.68786144385207,1,0.4479874188272573,0
dannywilliams,2018,183.0,144.70071141697952,1,0.99214545042881,1
dannywilliams,2018,183.0,145.08183535691234,1,0.99214545042881,1
dannywilliams,2018,183.0,220.48148237855565,1,0.9945825970875922,1
dannywilliams,2018,183.0,220.48148237855565,1,0.9945825970875922,1
daryljanmaat,2018,97.0,155.39282951396544,1,0.8697609762846404,1
davidbrooks,2018,88.0,58.209746332046315,1,0.9811835419562821,1
davidbutton,2018,41.0,36.06918869671591,1,0.670678612739392,1
davidezappacosta,2018,35.0,87.46568918144432,1,0.9914462814644425,1
davidsilva,2018,33.0,17.56719346814322,1,0.0031509534563532596,0
deandreyedlin,2018,18.0,32.30736912161397,0,0.8766225812599475,1
dejanlovren,2018,138.0,142.2227486316457,1,0.9903258492443814,1
delealli,2018,104.0,89.1855658153641,1,0.9975222607989385,1
demaraigray,2018,31.0,17.132030884743223,1,0.0005705500322796619,0
demeacoduhaney,2018,72.0,143.87956579955724,1,0.9979734122072196,1
denisodoi,2018,15.0,38.42609604135927,0,0.0792058205873841,0
domingosquina,2018,91.0,130.74031078922508,1,0.9989947935797193,1
dominicsolanke,2018,157.0,119.83355847712738,1,0.9987510195868341,1
edenhazard,2018,19.0,69.52642010293935,0,0.9935816436507524,1
emersonhyndman,2018,32.0,290.58336281822864,1,0.9998009349086995,1
emilesmithrowe,2018,210.0,221.03622925672155,1,0.9808791876292778,1
ericbailly,2018,130.0,131.71329192676333,1,0.9985619379941052,1
ericdier,2018,113.0,74.01372247239195,1,0.42123714826780295,0
erikdurm,2018,83.0,85.88216107137734,1,0.9998146068744235,1
eriklamela,2018,133.0,161.4870429542326,1,0.9992145169520024,1
ethanampadu,2018,76.0,218.91798266543594,1,0.9968507508847511,1
fabiandelph,2018,60.0,205.7766536356706,1,0.9991934883932224,1
florianlejeune,2018,394.0,254.44498084477033,1,0.15083867155914796,0
garycahill,2018,142.0,179.98576913868695,1,0.9999284844013588,1
garymadine,2018,16.0,58.77418310126476,0,0.13708012078096454,0
georginiowijnaldum,2018,47.0,18.19670734985408,1,0.07701371980390072,0
glennmurray,2018,27.0,35.14760674225542,0,0.0009072705513100719,0
granitxhaka,2018,46.0,26.843158641714318,1,0.01531056784499193,0
gregcunningham,2018,26.0,53.634928063478675,0,0.6268995592358454,1
harryarter,2018,99.0,52.218373174759876,1,0.9886579068686252,1
harrykane,2018,93.0,77.37270239208809,1,0.9958542820456314,1
harrymaguire,2018,44.0,28.078231141006167,1,0.02551141929064333,0
harrywinks,2018,81.0,40.91405557815984,1,0.9998877033264729,1
henrikhmkhitaryan,2018,70.0,53.1435388945054,1,0.18171900246811956,0
hugolloris,2018,40.0,57.75180650449282,1,0.9934820576122713,1
idrissagueye,2018,49.0,31.39037811026736,1,0.12245873562898343,0
isaachayden,2018,20.0,51.81196063128945,0,0.9467220261767704,1
isaacsuccess,2018,39.0,68.65693101163548,1,0.9988381319214736,1
ivancavaleiro,2018,43.0,62.14474847261507,1,0.684851529258038,1
jackcork,2018,10.0,19.367864435510473,0,0.0016870555190181583,0
jackstephens,2018,12.0,32.012128500521506,0,0.008684128992124064,0
jackwilshere,2018,220.0,214.4337111781749,1,0.9998837548312179,1
jairoriedewald,2018,24.0,13.278966581936743,0,0.19613478806607246,0
jamaallascelles,2018,64.0,35.396185477121115,1,0.0057029525607330545,0
jamesmaddison,2018,30.0,23.665742110973188,1,0.060299475232731034,0
jamesmcarthur,2018,5.0,17.188536284847864,0,0.0023407389659447424,0
jamesmilner,2018,48.0,34.96961684356228,1,0.9715290940394142,1
jamestarkowski,2018,42.0,23.039588474548143,1,0.020674713765762846,0
jamestomkins,2018,214.0,46.788174304995756,1,0.6324876092535308,1
jamiesterry,2018,84.0,99.39829037219539,1,0.9997610130730399,1
jamievardy,2018,26.0,31.10376168246867,0,0.02499846947198209,0
jannikvestergaard,2018,53.0,37.53314221766485,1,0.3158971206272797,0
janvertonghen,2018,120.0,121.44733045793807,1,0.9734209267896234,1
jasonsteele,2018,110.0,118.173747102121,1,0.9999148422218825,1
jeffersonlerma,2018,44.0,32.01242573231127,1,0.9980177194937628,1
jeffreyschlupp,2018,124.0,34.66578564391998,1,0.998377958084152,1
jesselingard,2018,95.0,57.12026681499613,1,0.9140431524867635,1
joebennett,2018,29.0,40.67815891951708,0,0.00421172531132637,0
joebryan,2018,47.0,59.43214066587684,1,0.9975951871165193,1
joelmatip,2018,28.0,57.81956454612518,0,0.998235166732032,1
joelward,2018,23.0,25.63976819973205,0,0.9914350004945472,1
joeralls,2018,76.0,78.98806403938532,1,0.9988020411008646,1
johnstones,2018,64.0,1.7495298883092738,1,0.7133478917355335,1
jonathanhogg,2018,57.0,48.8843840556701,1,0.9825381821580179,1
jonathanwalters,2018,181.0,220.29638013220233,1,0.9996329662291261,1
jongorencstankovic,2018,5.0,125.31551581859486,0,0.9784201303342748,1
jonjoekenny,2018,42.0,83.1888477209151,1,0.9999484083289367,1
jonjoshelvey,2018,129.0,103.24099996549383,1,0.9983779180890806,1
jonnyevans,2018,27.0,3.729207238602125,0,0.8628935908983099,1
jordanayew,2018,10.0,10.455219173371036,0,5.573404814732956e-05,0
jordanhenderson,2018,40.0,38.69089398094386,1,0.9995023448275301,1
joshmurphy,2018,43.0,30.994048895144534,1,0.9884893759173222,1
joshuaking,2018,35.0,16.535077192954102,1,0.016816097422580934,0
juanfoyth,2018,79.0,175.62315199143347,1,0.9998661046282642,1
juninhobacuna,2018,48.0,42.887951060611876,1,0.0821408211899444,0
juniorstanislas,2018,306.0,99.02301368570697,1,0.9985223729038519,1
kadeemharris,2018,12.0,97.15621141759374,0,0.35010040094327644,0
karldarlow,2018,109.0,104.9402119336427,1,0.994605491865743,1
kennethzohore,2018,90.0,191.8131239751844,1,0.9996987570827763,1
kepaarrizabalaga,2018,3.0,20.755291449912292,0,0.004495162808751671,0
kevindebruyne,2018,161.0,104.70713145866749,1,0.9629397577431609,1
kevinmcdonald,2018,57.0,315.5563726304301,1,0.9988858224066663,1
kierantrippier,2018,68.0,27.075492882176793,1,0.6844252203041428,1
konstantinosmavropanos,2018,126.0,157.7176917025666,1,0.9982829718379646,1
kortneyhause,2018,13.0,98.1818581467926,0,0.9999438843771713,1
kyletaylor,2018,91.0,76.31465630784453,1,0.9996673360448973,1
kylewalker,2018,17.0,14.014291953858432,0,0.0006276255824582737,0
laurentkoscielny,2018,42.0,185.14621835172144,1,0.9997600096093556,1
lazarmarkovic,2018,91.0,180.77493493909145,1,0.9976072932184773,1
leanderdendoncker,2018,29.0,33.08370670485759,0,0.9826202636781143,1
leepeltier,2018,48.0,51.842492234185265,1,0.996175519131228,1
leonbalogun,2018,67.0,179.19967539601876,1,0.9995579846885797,1
lewiscook,2018,282.0,152.14301479640685,1,0.9998021919502836,1
lewisdunk,2018,26.0,10.757672806196343,0,9.097450402406714e-05,0
loriskarius,2018,5.0,82.33445104843817,0,0.9566177525623089,1
lucasdigne,2018,20.0,30.077750320417397,0,0.0009622584231248612,0
lucastorreira,2018,12.0,44.73858638356415,0,0.153236030868917,0
lukaszfabianski,2018,3.0,28.884276119594112,0,0.08525363242599505,0
lukeshaw,2018,53.0,42.51932298830978,1,0.8737474983187915,1
lysmousset,2018,4.0,14.602270829927754,0,0.016793598353914422,0
mamadousakho,2018,191.0,92.17775224767804,1,0.9828644140289655,1
manologabbiadini,2018,9.0,40.889351005931466,0,0.8706617445179257,1
manuellanzini,2018,283.0,228.24010681914646,1,0.9999546915759407,1
marcalbrighton,2018,70.0,62.63674733765861,1,0.9935058687796192,1
marcosrojo,2018,223.0,213.063268514901,1,0.9860275168514867,1
marcusbettinelli,2018,151.0,86.05952760923037,1,0.9925751637541872,1
marcusrashford,2018,8.0,29.77941095733012,0,0.013446518886166856,0
mariolemina,2018,127.0,103.47683698547884,1,0.8427190502861263,1
marknoble,2018,11.0,24.262040177484383,0,0.0006524972701974886,0
markoarnautovic,2018,77.0,58.853083289116896,1,0.10513194497591638,0
markussuttner,2018,7.0,126.21315480648711,0,0.9998042897472086,1
marouanefellaini,2018,44.0,121.42789522287403,1,0.9992214583848252,1
martinkelly,2018,24.0,-4.837312625317341,0,0.016204081998023864,0
masongreenwood,2018,14.0,123.63757682322307,0,0.996696614725127,1
masonholgate,2018,17.0,92.89293181145602,0,0.4128350432145102,0
mateokovacic,2018,31.0,8.51248771483225,1,0.00723511102164595,0
mattdoherty,2018,21.0,8.140991804262553,0,0.0013332010810512167,0
matteodarmian,2018,99.0,49.79551741110143,1,0.9648156953496059,1
matthewconnolly,2018,82.0,64.00624807356452,1,0.9969906403627816,1
matthewlowton,2018,27.0,34.31218774106595,0,0.002526839103951055,0
mattritchie,2018,17.0,83.43940825486716,0,0.9459262677185204,1
matttargett,2018,13.0,46.04120969729508,0,0.9868956740215143,1
maximelemarchand,2018,14.0,50.0010341541404,0,0.8259100991615071,1
maxmeyer,2018,26.0,39.79102343018096,0,0.008261996982463762,0
mayayoshida,2018,45.0,23.103483451471885,1,0.8680157580056964,1
michaelkeane,2018,28.0,5.209275384401891,0,0.00031689533588624225,0
michaelobafemi,2018,176.0,216.41521043622507,1,0.9998589368475501,1
michailantonio,2018,5.0,50.33110585431433,0,0.9025161059773812,1
michelvorm,2018,30.0,23.611615659053438,1,0.019997296062644245,0
mohamedelneny,2018,25.0,32.014368988043465,0,0.025775178332951332,0
mohamedelyounoussi,2018,29.0,60.96767917608323,0,0.9939208156625903,1
mohamedsalah,2018,11.0,12.694012068047948,0,0.0015377658824955516,0
morganschneiderlin,2018,58.0,106.65771320602548,1,0.520471036719156,1
moussasissoko,2018,68.0,50.461545835880244,1,0.4113689109693238,0
nampalysmendy,2018,38.0,38.21076456237264,1,0.22881305669078333,0
nathanielchalobah,2018,36.0,158.45478617089202,1,0.08969289636255584,0
nathanielclyne,2018,30.0,99.24780010038562,1,0.9898765541648665,1
neeskenskebano,2018,66.0,88.3121203351459,1,0.9998053802612203,1
nemanjamatic,2018,100.0,43.50368971125991,1,0.149901174941095,0
oleksandrzinchenko,2018,108.0,145.8067143600729,1,0.9952830399096622,1
oliviergiroud,2018,20.0,39.871941210037164,0,0.12629837763575025,0
pauldummett,2018,96.0,8.207814988839354,1,0.999519485204096,1
paulpogba,2018,29.0,22.493178410671344,0,0.11537500656876386,0
petrcech,2018,28.0,34.071224658754964,0,0.005724839932015247,0
philbardsley,2018,77.0,47.64868584879976,1,0.900032884345058,1
philipbilling,2018,89.0,66.46425788606193,1,0.7284371283978209,1
philjagielka,2018,157.0,103.40942607207973,1,0.9865940593730782,1
philjones,2018,31.0,179.91749550182402,1,0.9996000606475891,1
rachidghezzal,2018,15.0,73.85295055396428,0,0.9931193859411769,1
raheemsterling,2018,12.0,25.110533984151512,0,0.03811695260525293,0
rajivvanlaparra,2018,53.0,29.972339410356476,1,0.9165860035383033,1
ramadansobhi,2018,63.0,46.958404866966966,1,0.8709232270011013,1
robbiebrady,2018,48.0,145.67232801659185,1,0.9951276641145509,1
robertopereyra,2018,34.0,9.286385220573619,1,0.6759692548936628,1
robertsnodgrass,2018,10.0,15.80941527784657,0,0.0003182706677071606,0
robholding,2018,269.0,189.13512784971098,1,0.999706267029399,1
romelulukaku,2018,58.0,11.324865396030944,1,0.10508624649836781,0
rossbarkley,2018,8.0,8.903014557316883,0,0.5462492532174588,1
ryanbabel,2018,37.0,80.15024805119958,1,0.9889248161472934,1
ryanbertrand,2018,82.0,105.18857420156154,1,0.8909076931336626,1
ryanfraser,2018,28.0,30.701798146847267,0,0.005595350321581437,0
ryanfredericks,2018,86.0,165.4901561358884,1,0.9995191516747036,1
ryansessegnon,2018,12.0,12.20988132042161,0,0.015646860359033038,0
samirnasri,2018,101.0,302.3817165910511,1,0.9998656418353745,1
scottdann,2018,26.0,136.9146289001283,0,0.9793725759652812,1
scottmctominay,2018,52.0,61.02629400015335,1,0.9969508938367043,1
seadkolasinac,2018,75.0,33.81488662035691,1,0.8965087620650117,1
seanlongstaff,2018,120.0,122.7980755089566,1,0.9843409503648538,1
seanmorrison,2018,39.0,19.791520579858805,1,0.0008530334074040972,0
sergeaurier,2018,114.0,96.5912462957311,1,0.984142354356587,1
sergioromero,2018,12.0,109.3512958273946,0,0.9972615802536617,1
sergioromero,2018,12.0,119.84231704311715,0,0.9996575878905398,1
shanelong,2018,95.0,96.99083878855662,1,0.9985157182745141,1
shkodranmustafi,2018,30.0,7.074943704872962,1,0.8770086373580613,1
simonfrancis,2018,269.0,279.38343174067194,1,0.9647822087681738,1
simonmignolet,2018,30.0,21.019072717134026,1,0.008555473274233956,0
sokratispapastathopoulos,2018,49.0,58.65665318578015,1,0.822054356050873,1
sollymarch,2018,15.0,38.3731400042062,0,0.0017390792751023289,0
stefanookaka,2018,29.0,111.68335658738394,0,0.6290228179688566,1
stephanlichtsteiner,2018,31.0,37.296615872973504,1,0.46483214396125605,0
stephenward,2018,114.0,129.8906032546236,1,0.9991309331532134,1
stevecook,2018,61.0,56.319403717704766,1,0.673762255050141,1
stevendefour,2018,129.0,255.6806819305854,1,0.9998359241657974,1
stuartarmstrong,2018,36.0,19.82389213894299,1,0.20571464880921417,0
sullaykaikai,2018,33.0,67.68893434962223,1,0.06669450009428088,0
terencekongolo,2018,57.0,35.19027161339133,1,0.6817299114352748,1
theowalcott,2018,13.0,43.945643798397604,0,0.002256280703557138,0
timream,2018,51.0,67.16247639655293,1,0.996418821179991,1
tomcairney,2018,61.0,67.58625105870553,1,0.9923586470647667,1
tomcleverley,2018,191.0,200.31339105488442,1,0.9998862012262121,1
tomheaton,2018,63.0,-2.864243292577689,1,0.09373192596686855,0
tommysmith,2018,37.0,54.5093672448429,1,0.3153470458095386,0
tommysmith,2018,37.0,64.28070820060196,1,0.03795137774958407,0
tommysmith,2018,37.0,71.94382819464565,1,0.15412680855726174,0
tommysmith,2018,37.0,79.04871236243551,1,0.19996574599812797,0
troydeeney,2018,21.0,55.002818293932165,0,0.9854594617070609,1
victormoses,2018,23.0,100.31327528394353,0,0.9973490761306393,1
victorwanyama,2018,116.0,113.38624078739512,1,0.8508083979361402,1
vincentjanssen,2018,292.0,222.0176974930125,1,0.9979410167575422,1
vincentkompany,2018,89.0,138.2032363962857,1,0.9996435380122458,1
virgilvandijk,2018,9.0,41.729206331120544,0,0.08937363310867305,0
waynehennessey,2018,45.0,18.26485448383502,1,0.8989494530784358,1
wesleyhoedt,2018,2.0,29.466777824019047,0,0.0024731601638202537,0
wilfredndidi,2018,3.0,19.502709411147645,0,0.001200165082769705,0
wilfriedzaha,2018,31.0,28.477222102409886,1,0.9258690355765731,1
willhughes,2018,47.0,69.37793548690975,1,0.9868437619410881,1
xherdanshaqiri,2018,67.0,32.28513585919588,1,0.49629363810769267,0
yanvalery,2018,8.0,116.164753958366,0,0.9999880341422849,1
yerrymina,2018,158.0,208.6545715797061,1,0.9950252613130985,1
yoshinorimuto,2018,40.0,59.185827817188105,1,0.9937292659963849,1
yvesbissouma,2018,124.0,20.83748626151372,1,0.006398206425918065,0
aaronconnolly,2019,13.0,58.12150648542301,0,0.9990157450271769,1
aaroncresswell,2019,35.0,75.2300203871364,1,0.9952613595396108,1
aaronmooy,2019,15.0,25.449902982297896,0,0.008042839188323195,0
aaronramsdale,2019,11.0,-4.703300711382281,0,3.3295289733252735e-05,0
adamidah,2019,28.0,59.15095445748891,0,0.8736491203590907,1
adamsmith,2019,93.0,131.14513059542196,1,0.9996897207742813,1
adamsmith,2019,93.0,130.54795185917942,1,0.999721424515065,1
adamsmith,2019,93.0,113.10449188715623,1,0.9991171587177812,1
adamsmith,2019,93.0,113.4997888191725,1,0.9993047232618596,1
adamwebster,2019,31.0,41.04422701239014,1,0.6753883360172093,1
albianajeti,2019,16.0,12.472015701408187,0,0.2701826957556275,0
alexandertettey,2019,46.0,28.139975917611302,1,0.9996359826504618,1
alexandrelacazette,2019,48.0,37.193124981660084,1,0.636720671411209,1
alexiwobi,2019,35.0,39.845488189104074,1,0.6726493719197767,1
alexmccarthy,2019,9.0,41.517458777440005,0,0.7487357994785766,1
alirezajahanbakhsh,2019,31.0,84.70662997605629,1,0.9810777510341405,1
andreaschristensen,2019,40.0,28.945296262953264,1,0.024323496530928097,0
andrewrobertson,2019,11.0,27.88636128400696,0,0.057737063769165264,0
andrewsurman,2019,46.0,45.13274651407222,1,0.9986724567925391,1
andriyyarmolenko,2019,82.0,103.69640982364105,1,0.9960606447947267,1
androstownsend,2019,65.0,43.82283248296719,1,0.7453397051367031,1
andycarroll,2019,190.0,207.05729007808614,1,0.9983667795652373,1
angeloogbonna,2019,11.0,-20.981695267321452,0,0.29975440365161515,0
anthonymartial,2019,74.0,44.351997904000115,1,0.9922685382255559,1
anwarelghazi,2019,14.0,25.363856488951637,0,6.0683535719883e-05,0
arthurmasuaku,2019,24.0,106.0331718212996,0,0.9997394319231273,1
ashleybarnes,2019,299.0,220.12011627133134,1,0.9998927984670637,1
ashleywestwood,2019,24.0,17.56117072704877,0,0.0007824390253649192,0
ashleywestwood,2019,24.0,18.48203080813525,0,0.007508042679403285,0
axeltuanzebe,2019,113.0,183.46747789301386,1,0.9455224478171375,1
aymericlaporte,2019,281.0,145.39751837245387,1,0.9988908796506426,1
benchilwell,2019,31.0,83.28764165740893,1,0.9959687668041698,1
bendavies,2019,153.0,141.51839833433917,1,0.999930117619057,1
bendavies,2019,153.0,149.9267816508892,1,0.999890978564121,1
bendavies,2019,153.0,116.91080276568982,1,0.9999505677444983,1
bendavies,2019,153.0,116.62646722278865,1,0.9999682826086931,1
bendavies,2019,153.0,125.33056672764266,1,0.9998333441116578,1
bendavies,2019,153.0,125.74225165452867,1,0.9998407457242262,1
bengibson,2019,188.0,95.71293124915901,1,0.9794198311101588,1
bengodfrey,2019,44.0,33.91792464538749,1,0.9976347083567858,1
benjaminmendy,2019,58.0,58.49857213929407,1,0.9875373448712907,1
berndleno,2019,67.0,84.6736812497591,1,0.9936922631030186,1
brandonwilliams,2019,4.0,-0.09298360364866105,0,3.010874712311923e-05,0
bukayosaka,2019,12.0,33.664981218368496,0,0.002973455587778491,0
callumrobinson,2019,10.0,63.98408041955827,0,0.9975006551960075,1
callumwilson,2019,12.0,64.02741007277652,0,0.9644391883068337,1
callumwilson,2019,12.0,63.33924362946057,0,0.9592009214681999,1
calumchambers,2019,315.0,169.92865198480254,1,0.9907687797454561,1
cenktosun,2019,275.0,112.34772447353694,1,0.9990221464047596,1
charliedaniels,2019,424.0,202.83835888008085,1,0.9998389523601197,1
charlietaylor,2019,30.0,43.50725651262979,1,0.31348876861208214,0
chrismepham,2019,157.0,61.6705876996331,1,0.9965381572135115,1
christianatsu,2019,12.0,70.61916694948874,0,0.9284772269626108,1
christianbenteke,2019,49.0,87.65279171852377,1,0.9994487014008877,1
christianeriksen,2019,5.0,134.29753268866057,0,0.9676556851182384,1
christiankabasele,2019,11.0,14.580088641130372,0,0.06164694666373817,0
christianpulisic,2019,172.0,64.88833144670745,1,0.9994119349426672,1
christophzimmermann,2019,177.0,65.53327807706758,1,0.9983309969010643,1
chriswood,2019,70.0,28.949375845531574,1,0.8124043305687844,1
ciaranclark,2019,243.0,188.91426580274387,1,0.9992748347994896,1
connorwickham,2019,52.0,219.44274657250406,1,0.9970412653642842,1
craigcathcart,2019,31.0,15.79925395480629,1,0.3966558816136057,0
craigdawson,2019,19.0,18.255535825521793,0,0.1496708934692207,0
dalestephens,2019,26.0,13.677779786842265,0,0.2022175194337572,0
danburn,2019,38.0,36.880437106687516,1,0.9475566365172082,1
dangosling,2019,194.0,59.07181364914027,1,0.9982569114862307,1
danieljames,2019,19.0,24.223876931592248,0,0.0077793026961599935,0
dannydrinkwater,2019,123.0,141.0468742832094,1,0.999961055558107,1
dannywelbeck,2019,103.0,133.6594645254219,1,0.9950418573664935,1
daryljanmaat,2019,92.0,269.29159955778897,1,0.9985877273698011,1
davidbrooks,2019,325.0,287.3622979050253,1,0.9998015585792573,1
davidmartin,2019,24.0,24.055615708200186,0,0.0306947227222498,0
davidmcgoldrick,2019,60.0,77.36680327413947,1,0.9996722449697742,1
davidsilva,2019,29.0,53.716122784356834,0,0.9993563539355647,1
deandreyedlin,2019,184.0,120.2129682745636,1,0.9996677946755915,1
dejanlovren,2019,51.0,189.80641866537536,1,0.9992931512553939,1
delealli,2019,49.0,65.96533406716577,1,0.9975998302626193,1
dennispraet,2019,4.0,54.64166168367714,0,0.7944170383658087,1
dennissrbeny,2019,86.0,65.09646172032349,1,0.9447662188988385,1
divockorigi,2019,12.0,12.668571503449204,0,0.0005070657739686714,0
domingosquina,2019,36.0,45.89772916645447,1,0.9700248715493338,1
dwightgayle,2019,156.0,105.94941888012477,1,0.9975983723953454,1
dwightmcneil,2019,21.0,10.022040050039875,0,0.002914562067691002,0
emilesmithrowe,2019,25.0,168.02192321430962,0,0.9905194009449187,1
emilkrafth,2019,151.0,39.27546898161712,1,0.9895913030646256,1
endastevens,2019,12.0,29.590019662678856,0,0.000991283346538,0
ericbailly,2019,174.0,156.58500331538062,1,0.9995204483713857,1
ericdier,2019,13.0,33.223379142106914,0,0.8053650104674858,1
eriklamela,2019,78.0,114.42516599888579,1,0.9995572615471804,1
ezrikonsa,2019,17.0,1.6412572141734303,0,4.101783687761571e-05,0
fabiandelph,2019,205.0,153.17918206625964,1,0.9999167301825151,1
fikayotomori,2019,36.0,3.9463645289030227,1,0.41180517687557644,0
florianlejeune,2019,86.0,177.49264132981068,1,0.9055163510425647,1
florinandone,2019,702.0,218.5942462674516,1,0.9998804951519784,1
garycahill,2019,36.0,87.3387522269632,1,0.9938895138150965,1
georginiowijnaldum,2019,11.0,30.699871225013133,0,0.006759903247662884,0
giovanilocelso,2019,55.0,51.86012713647426,1,0.9971392383220302,1
glennmurray,2019,12.0,19.768501312526233,0,0.010126657961485392,0
granitxhaka,2019,25.0,44.470810017673855,0,0.9988666750922858,1
granthanley,2019,208.0,46.98663165256075,1,0.9799937762013753,1
harrykane,2019,90.0,89.07182960183275,1,0.9999003282526561,1
harrywilson,2019,20.0,41.97638007715248,0,0.9384518781195972,1
harrywinks,2019,8.0,19.59031479520862,0,0.9695515934194421,1
henrikhmkhitaryan,2019,85.0,156.53469345857349,1,0.994836647770249,1
henrilansbury,2019,14.0,6.054542749369939,0,0.0028273613962877244,0
hugolloris,2019,116.0,139.16568977880843,1,0.9999031537741353,1
ibrahimamadou,2019,23.0,85.98615726930274,0,0.9990476098551966,1
ignaciopussetto,2019,13.0,67.00096554216526,0,0.9956637361071986,1
isaacsuccess,2019,330.0,197.43241257531542,1,0.993823824282066,1
jackcork,2019,198.0,73.16675637046306,1,0.9969253871458906,1
jackgrealish,2019,28.0,12.57494451446243,0,0.005183041935113359,0
jackstacey,2019,45.0,33.397401535090786,1,0.9753249132253846,1
jackwilshere,2019,226.0,97.55566827147995,1,0.9994151913373781,1
jairoriedewald,2019,6.0,45.72104493654509,0,0.04614795064697747,0
jamaallascelles,2019,65.0,164.26466174157144,1,0.998933373208394,1
jamallewis,2019,22.0,6.187365391199357,0,0.004399957618978652,0
jameschester,2019,93.0,71.14652131864544,1,0.7481594840969301,1
jamesgarner,2019,11.0,17.40697610760846,0,0.006612781571351839,0
jamesmaddison,2019,26.0,53.23567782476722,0,0.9495115378286715,1
jamesmcarthur,2019,24.0,6.3237143629658865,0,0.02168569778193628,0
jamesmilner,2019,59.0,58.404160312473046,1,0.9994141900096014,1
jamestomkins,2019,259.0,124.04627341835855,1,0.9083739872450859,1
jamievardy,2019,14.0,23.054966154055343,0,0.002120584303671827,0
jannikvestergaard,2019,20.0,36.19755421242328,0,0.7936998354148926,1
janvertonghen,2019,24.0,34.65364759321282,0,0.9064799709262579,1
japhettanganga,2019,25.0,53.2723509545161,0,0.9128376939444934,1
jedsteer,2019,217.0,156.39470223672353,1,0.9995680202492995,1
jeffersonlerma,2019,47.0,30.80867988917007,1,0.6408895927524689,1
jeffreyschlupp,2019,89.0,182.61013111968896,1,0.99996505885128,1
jesselingard,2019,19.0,100.72231848065117,0,0.9995323651474608,1
jetrowillems,2019,278.0,122.39587728733397,1,0.9998876325700634,1
joelmatip,2019,80.0,222.2526135863013,1,0.9962450030225132,1
joelward,2019,54.0,70.9972170276024,1,0.9718991827172468,1
johnegan,2019,15.0,5.2095117624582254,0,2.679721754739251e-05,0
johnfleck,2019,49.0,69.19374373194135,1,0.9959688169710263,1
johnlundstram,2019,11.0,10.87357297434383,0,0.00028517767520904776,0
johnmcginn,2019,167.0,77.359956059811,1,0.9997390195517752,1
johnstones,2019,67.0,79.52549036144255,1,0.9999538816198342,1
jonjoshelvey,2019,69.0,33.389823151755294,1,0.9000810023330069,1
jonnyevans,2019,17.0,8.54609600171262,0,0.001277596736339222,0
jordanhenderson,2019,72.0,80.74867929805366,1,0.9999283617786742,1
joshuaking,2019,102.0,71.84646244082991,1,0.9990243961083506,1
josipdrmic,2019,152.0,71.67686011067873,1,0.999623502717814,1
juanfoyth,2019,227.0,89.71564081052792,1,0.9956832061931765,1
juniorstanislas,2019,26.0,185.97096806162622,0,0.9995715166105672,1
karldarlow,2019,14.0,13.628250696590117,0,0.008883011398758228,0
keinandavis,2019,115.0,72.48500622802109,1,0.9318873695526649,1
kelechiiheanacho,2019,4.0,17.52000311836313,0,0.00237996111844789,0
kennymclean,2019,6.0,16.648455333538713,0,0.0016409974713371181,0
kensema,2019,27.0,-22.605177920895045,0,0.0010184067143314576,0
kevindebruyne,2019,24.0,30.66250028016488,0,0.9644581590664354,1
kevinlong,2019,30.0,61.979660360202445,1,0.8452493035760381,1
kierantierney,2019,96.0,68.32858486258455,1,0.9998171380262365,1
konstantinosmavropanos,2019,81.0,125.12090163454339,1,0.9718853763243976,1
kortneyhause,2019,21.0,105.93080051262919,0,0.9664797639486341,1
kylewalker,2019,21.0,21.549286812975915,0,0.0003194177014710697,0
leanderdendoncker,2019,0.0,17.66054581259053,0,0.0018560295824042031,0
leandrotrossard,2019,47.0,32.20245735471331,1,0.9088314040027614,1
leegrant,2019,137.0,110.33684172389444,1,0.9999447514276508,1
leonbalogun,2019,62.0,179.62275775638702,1,0.9931421331791576,1
lloydkelly,2019,269.0,163.62533377222255,1,0.9369302039206154,1
lovrekalinic,2019,235.0,142.32382536597885,1,0.8915232496631048,1
lucasdigne,2019,33.0,22.806450567692206,1,0.0050407750472479945,0
lucastorreira,2019,127.0,51.77592669625513,1,0.8999603858799523,1
lukamilivojevic,2019,8.0,16.180769742994407,0,0.09235853883682446,0
lukaszfabianski,2019,112.0,90.36539032581283,1,0.999539352975833,1
lukeshaw,2019,84.0,70.2878979062697,1,0.9995927384429052,1
lysmousset,2019,14.0,28.2519231337212,0,0.7209145390802145,1
mamadousakho,2019,131.0,196.65658292571032,1,0.9979558714195186,1
manuellanzini,2019,55.0,59.58692802915445,1,0.9998739199614861,1
marcalbrighton,2019,12.0,42.81058475101471,0,0.001575990537917741,0
marcosrojo,2019,283.0,159.77396017671927,1,0.9916527681771636,1
marcusrashford,2019,149.0,64.03388696826399,1,0.9744622412023293,1
mariovrancic,2019,79.0,44.6052867482988,1,0.8303198324122452,1
marknoble,2019,37.0,29.478441860816474,1,0.09687761295419704,0
martinkelly,2019,66.0,46.03979499117857,1,0.309859716208826,0
masongreenwood,2019,15.0,30.95541811575642,0,0.002908774291361614,0
masonholgate,2019,8.0,36.107682943784845,0,0.08621134496926555,0
masonmount,2019,4.0,21.814646379707654,0,0.0008529217940435468,0
matejvydra,2019,29.0,42.337295184157924,0,0.8353921282510077,1
mateokovacic,2019,116.0,44.58142245026775,1,0.3905643277656687,0
mattdoherty,2019,18.0,27.75869038406654,0,0.006521098006551518,0
matthewlowton,2019,208.0,114.28425887089328,1,0.9982463035269762,1
mattritchie,2019,155.0,182.87938739058018,1,0.9976342243746149,1
matttargett,2019,61.0,45.78773371278103,1,0.2811154569698592,0
maxaarons,2019,16.0,-8.817161643806248,0,1.87692517570346e-05,0
maxmeyer,2019,11.0,48.852408597490204,0,0.00633158908573725,0
michaelkeane,2019,3.0,18.79943434139275,0,0.0008055044333868025,0
michaelobafemi,2019,27.0,90.40222642860759,0,0.9997144116349059,1
michaelverrips,2019,11.0,13.209242435991214,0,0.0012590074404909548,0
michailantonio,2019,112.0,160.50329333101126,1,0.999586004856079,1
mohamedsalah,2019,27.0,16.26396783611639,0,0.0328774887634704,0
moisekean,2019,8.0,15.971049208857682,0,0.009943125527974064,0
morganschneiderlin,2019,213.0,80.25406901617615,1,0.9829539828258141,1
moritzleitner,2019,19.0,51.17208633618371,0,0.9984999148497354,1
moussadjenepo,2019,99.0,53.147420412907145,1,0.9394953317779772,1
moussasissoko,2019,78.0,58.602876927894734,1,0.7451864903581797,1
nabilbentaleb,2019,79.0,182.7898103739759,1,0.9517493266541216,1
nampalysmendy,2019,44.0,208.99754119175105,1,0.9999310484050566,1
nathanielchalobah,2019,19.0,59.25695042229916,0,0.964326418783423,1
nathanielphillips,2019,11.0,34.67209632061155,0,0.0021520076628079535,0
nathanredmond,2019,132.0,36.57088082288047,1,0.99982413352006,1
nathantella,2019,32.0,27.750786116367436,1,0.9949047920530035,1
nealmaupay,2019,5.0,21.889793984881994,0,0.026623927923882008,0
necowilliams,2019,7.0,1.752932598155281,0,0.0018188859839054679,0
neiltaylor,2019,24.0,29.460139086953443,0,0.9720049519409405,1
nemanjamatic,2019,52.0,46.40065531040806,1,0.9447454104404066,1
odionighalo,2019,55.0,47.510807161008,1,0.9257358846103514,1
oleksandrzinchenko,2019,105.0,75.75592823738207,1,0.9983113601437812,1
oliverskipp,2019,25.0,19.02402465397576,0,0.0007446840499732615,0
oliviergiroud,2019,70.0,77.09113801085103,1,0.9998025033365212,1
patrickvanaanholt,2019,50.0,72.2875857254026,1,0.9886191153341585,1
pauldummett,2019,300.0,133.58704374827707,1,0.9999463862743345,1
paulpogba,2019,288.0,239.15719622854394,1,0.9908417456134572,1
philbardsley,2019,20.0,71.3155803719569,0,0.9998984165976108,1
philipbilling,2019,25.0,15.22777803466903,0,0.8080948156148435,1
philjagielka,2019,1.0,29.443163873945675,0,0.0274770734327545,0
philjones,2019,477.0,146.70198487991306,1,0.998317299585074,1
raheemsterling,2019,22.0,26.063919159638935,0,0.014651003564395491,0
reecejames,2019,140.0,62.64300746793735,1,0.9996827826797735,1
reecejames,2019,140.0,65.52485794479328,1,0.999439522927051,1
reecejames,2019,140.0,58.21151365007018,1,0.9984015379832568,1
reecejames,2019,140.0,58.980357376618294,1,0.9997068948680309,1
reissnelson,2019,95.0,23.770299170476637,1,0.9979497154987915,1
rhianbrewster,2019,45.0,205.04602343969168,1,0.9993267946156407,1
robbiebrady,2019,64.0,69.9433864364393,1,0.9994160522455591,1
robertopereyra,2019,32.0,33.81946213602324,1,0.9999488317480021,1
robertsnodgrass,2019,55.0,61.26055683504595,1,0.9990849266439064,1
robholding,2019,51.0,14.739515963476137,1,0.8382766485833727,1
rossbarkley,2019,57.0,44.17470939809477,1,0.8796122354275321,1
ryanbennett,2019,43.0,80.9887023538043,1,0.9992924426828481,1
ryanbertrand,2019,26.0,22.756521208762933,0,0.6084177258529999,1
ryanfraser,2019,20.0,77.77803620883934,0,0.9538229990463583,1
ryanfredericks,2019,148.0,56.15366354840619,1,0.9990085623008279,1
ryansessegnon,2019,134.0,138.8008128542962,1,0.9921585848708574,1
sambyram,2019,670.0,120.5341389689215,1,0.9972908773246436,1
scottdann,2019,51.0,107.54702522173966,1,0.8837616235496372,1
scottmctominay,2019,80.0,60.825130395215886,1,0.9386775796089132,1
seadkolasinac,2019,170.0,72.1284948134084,1,0.9427190274863378,1
seanlongstaff,2019,27.0,82.68675728211761,0,0.9948899462408556,1
sergeaurier,2019,22.0,13.62098529607965,0,0.0242897261624989,0
shaneduffy,2019,35.0,40.947071028079996,1,0.17736336810826667,0
shanelong,2019,17.0,86.99135167075802,0,0.9998844934987118,1
shkodranmustafi,2019,18.0,122.11726800929665,0,0.9998689970141441,1
simonfrancis,2019,130.0,173.37793928870664,1,0.9979340954991477,1
simonmoore,2019,39.0,56.06014115917244,1,0.9975295903103125,1
sofianeboufal,2019,77.0,68.50906990644806,1,0.9945329372969196,1
sokratispapastathopoulos,2019,16.0,28.356805811594846,0,0.9882254637259499,1
sollymarch,2019,61.0,103.26741030225433,1,0.9999358310960151,1
stevecook,2019,132.0,27.1358077805567,1,0.9761813349360278,1
stevenalzate,2019,180.0,75.31871104948405,1,0.999283097551225,1
stevenbergwijn,2019,125.0,211.9170640314207,1,0.9985748464350671,1
stuartarmstrong,2019,58.0,51.99246965310188,1,0.9987915682036235,1
takumiminamino,2019,18.0,52.26639323542304,0,0.984985646027946,1
tammyabraham,2019,126.0,28.74323630618328,1,0.8372437325373648,1
teemupukki,2019,20.0,36.77283148594726,0,0.0001895209914577306,0
theowalcott,2019,95.0,87.36834128276577,1,0.9987970692642392,1
timkrul,2019,38.0,7.591594522465892,1,0.002370985479481268,0
timmklose,2019,209.0,154.8725383879404,1,0.9655354449328635,1
toddcantwell,2019,18.0,16.535413071535128,0,0.0017795996914864842,0
tomassoucek,2019,9.0,43.19309811303971,0,0.0001955174020011735,0
tomcleverley,2019,115.0,194.0323796264109,1,0.9999817006238029,1
tomheaton,2019,325.0,181.82108068523254,1,0.999876680319038,1
tomtrybull,2019,47.0,13.721964574623007,1,0.38945850707773494,0
troydeeney,2019,79.0,81.84131949713183,1,0.9716172566824436,1
troyparrott,2019,44.0,38.01438112683097,1,0.9841349536467563,1
tyrickmitchell,2019,175.0,81.3178762830121,1,0.9971191052549482,1
tyronemings,2019,27.0,42.855024995999955,0,0.994203800247272,1
victorwanyama,2019,1.0,89.70334680376027,0,0.963373330628905,1
wesmorgan,2019,27.0,35.84367350981217,0,0.7666994571141413,1
wilfredndidi,2019,42.0,36.17188972427677,1,0.9980319286937294,1
wilfriedzaha,2019,30.0,24.170088324532838,1,0.0007519280336066024,0
willhughes,2019,45.0,44.78208647342526,1,0.9985500123804716,1
willyboly,2019,88.0,76.32188521341305,1,0.9986118024122409,1
winstonreid,2019,76.0,248.958007429872,1,0.9807183914753739,1
xherdanshaqiri,2019,251.0,157.99158362077335,1,0.9999340341204911,1
yanvalery,2019,102.0,35.87978355794271,1,0.552769071341594,1
yerrymina,2019,54.0,63.61444408853389,1,0.99901127114935,1
yoshinorimuto,2019,46.0,72.6003637665191,1,0.9878301453827278,1
aaronconnolly,2020,71.0,42.536564549708565,1,0.034368400600586664,0
aaroncresswell,2020,9.0,6.28680695029816,0,0.008046278449934484,0
adamlallana,2020,48.0,90.44506315770744,1,0.992886795658895,1
adamwebster,2020,16.0,105.25869302867947,0,0.9822161463334952,1
ademolalookman,2020,8.0,36.38150148179485,0,0.030079210674027305,0
ahmedelmohamady,2020,54.0,16.122872586472553,1,0.004184933381611978,0
aleksandarmitrovic,2020,17.0,50.47964705488847,0,0.808550940045198,1
alexandrelacazette,2020,1.0,25.411412194751456,0,0.014623703042034234,0
alexismacallister,2020,38.0,17.830373973024162,1,0.5536283981553662,1
alexmccarthy,2020,16.0,15.651196233023128,0,0.10968068943111753,0
alirezajahanbakhsh,2020,78.0,60.308809493371584,1,0.7664496359219756,1
andreaschristensen,2020,54.0,107.96160646222046,1,0.9550536891701457,1
andrewrobertson,2020,4.0,20.431827164139953,0,0.015424870688340562,0
andriyyarmolenko,2020,53.0,87.40305840173095,1,0.9961961769874059,1
andycarroll,2020,38.0,92.13644018536668,1,0.6384615443958873,1
angeloogbonna,2020,70.0,95.6489168730913,1,0.9993361498114979,1
anthonyknockaert,2020,20.0,4.332373346145916,0,0.045789036623103435,0
anthonymartial,2020,135.0,66.17734204305907,1,0.9963366007746521,1
antoneerobinson,2020,10.0,122.2811760644592,0,0.9987479941814349,1
arthurmasuaku,2020,97.0,148.48316377423146,1,0.9970708766895581,1
ashleybarnes,2020,9.0,140.0399445154706,0,0.9999188787359068,1
ashleywestwood,2020,12.0,8.515124699203776,0,9.375011037442537e-05,0
ashleywestwood,2020,12.0,16.0050091172782,0,0.0020466833815476694,0
axeltuanzebe,2020,123.0,40.91662144293651,1,0.29635050559852005,0
aymericlaporte,2020,28.0,54.17161751092691,0,0.6575130410686101,1
benchilwell,2020,77.0,19.549175082486528,1,0.18974208918887167,0
bendavies,2020,103.0,62.454822233461634,1,0.9996667348987859,1
bendavies,2020,103.0,59.84101840633055,1,0.9995257713045532,1
bendavies,2020,103.0,59.01716133504085,1,0.99948862963335,1
bendavies,2020,103.0,59.13866664370022,1,0.9994762890820498,1
bendavies,2020,103.0,57.250702646710856,1,0.9995847422192794,1
bendavies,2020,103.0,57.250702646710856,1,0.9995847422192794,1
bengodfrey,2020,11.0,19.487756906913436,0,0.593096907636444,1
benjaminmendy,2020,58.0,62.69750416532575,1,0.9887315063673326,1
benmee,2020,132.0,89.87226169316786,1,0.9994170859269697,1
benosborn,2020,24.0,32.78823985949614,0,5.709569395767388e-05,0
billygilmour,2020,131.0,65.35108939964769,1,0.7835904140411385,1
brandonwilliams,2020,22.0,27.75344453046993,0,3.8862070880152464e-05,0
branislavivanovic,2020,10.0,32.16019271538571,0,0.020961407183998824,0
bukayosaka,2020,10.0,14.904111570655179,0,1.9181036499957755e-05,0
callumrobinson,2020,11.0,21.09972113411721,0,0.004572465814827771,0
callumwilson,2020,99.0,58.5447435191492,1,0.9997917633468172,1
callumwilson,2020,99.0,76.86283594383981,1,0.9986730240737675,1
cenktosun,2020,222.0,172.80923283682344,1,0.972311267205329,1
charlietaylor,2020,107.0,51.228485814866865,1,0.95355642917225,1
chrisbasham,2020,3.0,46.501339413164175,0,0.0007626432176334948,0
christianbenteke,2020,14.0,20.512879465935562,0,0.7072328235008087,1
christianfuchs,2020,56.0,22.92483373791889,1,0.14831860114507675,0
christianpulisic,2020,108.0,119.8038220493137,1,0.9981495898943437,1
christianwalton,2020,132.0,130.3484036075873,1,0.9993012098089681,1
chriswood,2020,17.0,43.29986585205619,0,0.8649242829090144,1
ciaranclark,2020,43.0,104.72905711000773,1,0.9992708788658544,1
connorwickham,2020,171.0,210.72892977805068,1,0.9996311786716902,1
conorhourihane,2020,13.0,57.14978175430369,0,0.00015675955297288089,0
conortownsend,2020,69.0,55.796608985591526,1,0.9989772680220496,1
dalestephens,2020,35.0,29.264752514064003,1,0.7520356539932728,1
danielamartey,2020,75.0,38.43616632591677,1,0.9564312862660826,1
danieljames,2020,27.0,47.057838437687806,0,0.5687449496135141,1
dannyings,2020,61.0,73.00453901172881,1,0.9981336957198061,1
dannyward,2020,71.0,50.01792004480689,1,0.9283742682043448,1
dannyward,2020,71.0,60.31471465989096,1,0.9549845506954594,1
dannyward,2020,71.0,44.02529806846114,1,0.9932671535625202,1
dannyward,2020,71.0,54.79165590976764,1,0.9964513617986032,1
dannywelbeck,2020,42.0,102.85522032403588,1,0.9997278804046448,1
darrenrandolph,2020,88.0,52.11166219073372,1,0.9999039557654005,1
davidmcgoldrick,2020,18.0,23.601714533641104,0,0.000395643142076939,0
deandreyedlin,2020,44.0,159.4662153916119,1,0.9995851484484681,1
deanhenderson,2020,29.0,7.446712959896541,0,0.0009823390616194025,0
delealli,2020,18.0,50.52133610861358,0,0.9992158711769524,1
dennispraet,2020,85.0,70.13658314748281,1,0.02263109818698676,0
donnyvandebeek,2020,14.0,19.283014042174305,0,0.07598334152851757,0
dwightgayle,2020,97.0,92.75857659872194,1,0.9444997255427597,1
dwightmcneil,2020,20.0,9.353313544076702,0,0.00024803206004409386,0
eberechieze,2020,166.0,8.670243310321691,1,0.00019454844117470867,0
edinsoncavani,2020,42.0,101.91157834823478,1,0.9999665314264025,1
emilesmithrowe,2020,92.0,74.8219098763273,1,0.3638519263586401,0
emilkrafth,2020,52.0,81.80173606127796,1,0.9926213827322463,1
endastevens,2020,68.0,65.005899025779,1,0.9802808042893717,1
ericbailly,2020,70.0,194.29485059508463,1,0.9997131569205528,1
ericdier,2020,12.0,1.4589742921604631,0,0.000893235514417571,0
eriklamela,2020,53.0,83.029987079338,1,0.9948138458804892,1
erikpieters,2020,33.0,31.539412514436638,1,0.03747831983916894,0
ethanampadu,2020,39.0,64.27413697632574,1,0.9079615863342456,1
ezrikonsa,2020,12.0,9.452668052204281,0,3.279353179411765e-05,0
fabiandelph,2020,84.0,164.91307247795612,1,0.9992348852979034,1
florinandone,2020,64.0,264.1320866953258,1,0.9255304427881479,1
frederikalves,2020,31.0,38.58478556045934,1,0.22377392580233282,0
garethbale,2020,68.0,135.273571417721,1,0.9997044379711186,1
garycahill,2020,139.0,56.93482738779186,1,0.9998736170751411,1
georgebaldock,2020,24.0,11.505780499421768,0,7.431963823297724e-05,0
giovanilocelso,2020,134.0,116.53668225736197,1,0.9962611563896195,1
gradydiangana,2020,43.0,25.570906010372013,1,0.9789002317058975,1
hakimziyech,2020,73.0,54.548107749567535,1,0.757482663829163,1
harrisonreed,2020,54.0,47.86178978238103,1,0.993782937321979,1
harrykane,2020,18.0,23.418594697596912,0,0.8220883449248314,1
harrymaguire,2020,35.0,30.64870569696932,1,0.005129189698105871,0
harrywinks,2020,6.0,68.70421689281949,0,0.9995120395954074,1
harveybarnes,2020,122.0,53.37347798815935,1,0.9418510416603163,1
hugolloris,2020,11.0,-7.584739316997294,0,0.01963478938627728,0
ibrahimadiallo,2020,32.0,41.124340265487206,1,0.9935930227348543,1
ibrahimadiallo,2020,32.0,28.78171212745444,1,0.026243062819039643,0
isaachayden,2020,99.0,62.679285114495585,1,0.7058483566560204,1
issadiop,2020,14.0,11.007561847165274,0,0.01581507788272137,0
ivancavaleiro,2020,14.0,11.181274913357596,0,0.00011506729941364305,0
jackbutland,2020,14.0,64.85536156913624,0,0.0019950521678557764,0
jackgrealish,2020,80.0,96.73358363126633,1,0.9867078489690523,1
jackrobinson,2020,246.0,155.97727531642508,1,0.9944412146155983,1
jairoriedewald,2020,16.0,10.564172466932979,0,0.0016117508006985384,0
jakelivermore,2020,20.0,22.482807517960094,0,9.302167600172785e-05,0
jamaallascelles,2020,197.0,129.66293220888363,1,0.9912643299729798,1
jamallewis,2020,21.0,15.279671858627001,0,0.004736190760393607,0
jamesjustin,2020,331.0,111.66654927462677,1,0.9989471837073421,1
jamesmaddison,2020,145.0,48.55282356335488,1,0.8493413306899926,1
jamesmcarthur,2020,124.0,126.75819623462726,1,0.9874372644818258,1
jamesmccarthy,2020,27.0,117.21537502061497,0,0.9992347911558863,1
jamesmilner,2020,46.0,43.79269733577915,1,0.9970007679732584,1
jamestarkowski,2020,13.0,33.143279366822114,0,0.1841516813981167,0
jamestomkins,2020,20.0,214.62606012057407,0,0.9550451619995657,1
jamieshackleton,2020,37.0,6.734796995619439,1,0.764740907923466,1
jamievardy,2020,27.0,30.452567086117206,0,0.3191298802204998,0
jannikvestergaard,2020,47.0,62.6151473245592,1,0.9857857271072505,1
japhettanganga,2020,104.0,32.18647219849334,1,0.7990756242403898,1
jarradbranthwaite,2020,46.0,47.70675842499887,1,0.9711678429512594,1
jasonsteele,2020,28.0,44.092387886738116,0,0.8499331921694641,1
jeffreyschlupp,2020,84.0,99.36994455050908,1,0.9998699926536944,1
jesselingard,2020,45.0,118.38072972882036,1,0.9991563388265265,1
jimmydunne,2020,24.0,26.157895259109793,0,0.8169964819561574,1
joachimandersen,2020,17.0,49.27142648638104,0,0.996075830249441,1
joebryan,2020,6.0,42.707792892017856,0,0.015673121304160466,0
joelmatip,2020,264.0,167.95232463558457,1,0.9996970288039091,1
joelward,2020,46.0,21.73738302077406,1,0.17315318664608892,0
johnegan,2020,7.0,61.36324461975599,0,0.004613106826594365,0
johnfleck,2020,55.0,36.778039282871276,1,0.8647738915832971,1
johnstones,2020,20.0,20.141810857570896,0,0.6533120790781263,1
jonjoekenny,2020,63.0,63.20584679017081,1,0.9846838511929518,1
jonjoshelvey,2020,51.0,51.476950944414824,1,0.9706182671421443,1
jonnyevans,2020,37.0,63.0779774562676,1,0.9998661260493945,1
jordanayew,2020,10.0,6.984089138395033,0,2.0133867644673073e-05,0
jordanhenderson,2020,94.0,147.8461016147545,1,0.9999595826203826,1
jordanpickford,2020,21.0,36.01255453814683,0,0.8184943086955904,1
joshbrownhill,2020,27.0,22.50650136789659,0,0.00010931322765315218,0
joshonomah,2020,90.0,160.90923568317717,1,0.9388503869983739,1
kaihavertz,2020,19.0,56.48243377118938,0,0.8678338310599155,1
kalvinphillips,2020,60.0,58.492305216466086,1,0.9151260070353537,1
kamilgrosicki,2020,74.0,37.312277718222504,1,0.4871942995507754,0
karldarlow,2020,60.0,94.57680565863221,1,0.8828560140321268,1
keanbryan,2020,21.0,24.040289642025712,0,0.9577280196881514,1
keinandavis,2020,37.0,-0.6953628145595999,1,0.36996955362540535,0
kennytete,2020,98.0,112.03785898153119,1,0.9985837950139309,1
kepaarrizabalaga,2020,57.0,45.75654263497178,1,0.9831802974450714,1
kevindebruyne,2020,71.0,64.5668894725261,1,0.999945952296032,1
kevinlong,2020,12.0,60.9838837719114,0,0.9711540647155472,1
kierangibbs,2020,14.0,42.3198048268896,0,0.11683202677019061,0
kierantierney,2020,83.0,75.05686615311409,1,0.9562852527354901,1
konstantinostsimikas,2020,82.0,29.65703492167873,1,0.9542027175075147,1
kortneyhause,2020,162.0,66.08658115908362,1,0.7487512712228206,1
kurtzouma,2020,6.0,11.187879447478664,0,0.00022477175049089544,0
kylebartley,2020,25.0,19.6358995196591,0,0.7356483390219078,1
kylewalker,2020,4.0,26.273668030066236,0,0.5921698083039694,1
leanderdendoncker,2020,26.0,31.874036565007707,0,0.14324456375968342,0
leandrotrossard,2020,25.0,29.337036648158406,0,0.04687459228998227,0
liamcooper,2020,57.0,129.26911284828273,1,0.9994959217323673,1
lucasdigne,2020,46.0,41.25409481417464,1,0.8679121672236503,1
lukamilivojevic,2020,23.0,17.915559175549333,0,0.007478893716560123,0
lukaszfabianski,2020,23.0,15.359378352267129,0,0.3433725718308153,0
lukeshaw,2020,89.0,24.55037924886988,1,0.8540627965952718,1
lysmousset,2020,116.0,75.05921655061306,1,0.3527170461851829,0
mamadousakho,2020,246.0,256.78026767469737,1,0.9993987935771773,1
manuellanzini,2020,9.0,64.15847055984753,0,0.9970001550084561,1
marcusrashford,2020,12.0,13.268160485834507,0,0.0043591498075663485,0
mariolemina,2020,54.0,85.60235324328139,1,0.9974906894910156,1
marknoble,2020,40.0,42.879723259347195,1,0.9666324137019331,1
martinkelly,2020,52.0,51.79052225429556,1,0.9125451763821029,1
masongreenwood,2020,63.0,23.75689649189575,1,0.018888362256041045,0
masonholgate,2020,49.0,49.2152197038704,1,0.9248491749701645,1
matejvydra,2020,32.0,23.600147059541577,1,0.003237948516300528,0
mateokovacic,2020,33.0,95.86775176814977,1,0.9896253101068064,1
mateuszklich,2020,2.0,15.677540461050148,0,6.190619247288774e-06,0
mattdoherty,2020,39.0,44.52383958197972,1,0.9866621505991259,1
matthewlowton,2020,24.0,8.75156563939068,0,0.0004492497935404379,0
mattphillips,2020,21.0,37.34445663137428,0,0.5037705649828176,1
mattritchie,2020,59.0,84.39118924732968,1,0.9919384131259243,1
matttargett,2020,1.0,27.865315477965876,0,0.001984879088750707,0
maxlowe,2020,11.0,9.54588250667863,0,0.0004794983774608802,0
mbayediagne,2020,6.0,25.867566965888635,0,2.5691366933789226e-05,0
meritanshabani,2020,404.0,248.0743045184051,1,0.9993220127106456,1
michaelobafemi,2020,304.0,186.0498590891388,1,0.9820216813742593,1
michailantonio,2020,97.0,163.78063647899654,1,0.9997101593515223,1
mohamedelneny,2020,12.0,31.790933110667027,0,0.00010694404645381039,0
mohammedsalisu,2020,108.0,113.10256384673642,1,0.9926956368967996,1
moisekean,2020,35.0,-22.16514799985092,1,0.05231594439972426,0
morgansanson,2020,34.0,29.75583138927004,1,0.07020334079863128,0
moussadjenepo,2020,49.0,24.231350931299403,1,0.005563688651981096,0
nampalysmendy,2020,6.0,26.687713765116264,0,0.9253390523725614,1
nathanielclyne,2020,1.0,230.30355333881536,0,0.9979406449091405,1
nathanredmond,2020,80.0,74.28713070432651,1,0.9953144361852625,1
nathantella,2020,31.0,25.861843420421238,1,0.02638258133266955,0
nealmaupay,2020,7.0,28.829065971259045,0,0.1803546525561815,0
necowilliams,2020,2.0,5.668255638582593,0,3.375815372691792e-05,0
neeskenskebano,2020,21.0,34.35418469133107,0,0.777333404371756,1
nickpope,2020,56.0,70.9639240703218,1,0.9913941079435294,1
olaaina,2020,22.0,14.793347330966181,0,0.018055760917297634,0
oleksandrzinchenko,2020,43.0,70.38574393040491,1,0.9979294146438644,1
oliverburke,2020,9.0,22.235528807208777,0,0.02602657111512807,0
olivermcburnie,2020,160.0,71.48519875411432,1,0.1891457066120776,0
oskarbuur,2020,205.0,74.04842527290918,1,0.9959869151488955,1
ozankabak,2020,27.0,59.07567559208172,0,0.9771335017892558,1
patrickcutrone,2020,4.0,-4.387398075948269,0,3.7131372829674876e-05,0
patrickvanaanholt,2020,92.0,40.84686785853779,1,0.9856261646158281,1
pauldummett,2020,61.0,205.8687766181284,1,0.9982686129165557,1
paulpogba,2020,59.0,9.756426801618517,1,0.9311410863828521,1
percytau,2020,19.0,-7.178672408237071,0,2.9883549405597068e-05,0
philbardsley,2020,34.0,47.81168738613661,1,0.990291330354769,1
raheemsterling,2020,10.0,22.222364666810602,0,0.0007964405323947124,0
reecejames,2020,39.0,40.67810096549621,1,0.02959001630050996,0
reecejames,2020,39.0,27.499109838010167,1,0.028952747260804938,0
reecejames,2020,39.0,34.65765436402382,1,0.26151867359712244,0
reecejames,2020,39.0,30.78083672725697,1,0.2570392376489351,0
reissnelson,2020,64.0,30.19451028827657,1,0.9975801324199192,1
rhianbrewster,2020,6.0,25.869269320751602,0,0.6163443745206015,1
rhyswilliams,2020,9.0,23.440499673041874,0,0.0001284513740686138,0
rhyswilliams,2020,9.0,16.961112631231277,0,0.00016942320856271038,0
robbiebrady,2020,51.0,205.4313689414571,1,0.9999077512710106,1
robertsnodgrass,2020,1.0,60.52101586318274,0,0.9807414957434233,1
robholding,2020,14.0,21.55829528207237,0,0.8845759019789466,1
robinkoch,2020,94.0,102.79756511387872,1,0.9788450056929111,1
rossbarkley,2020,59.0,67.87582722323778,1,0.919061228852196,1
ryanbertrand,2020,20.0,75.03175176209298,0,0.9911049271876253,1
ryanfraser,2020,63.0,69.20207331219576,1,0.8556924428853233,1
ryanfredericks,2020,66.0,72.4510063974583,1,0.9968100366924739,1
samfield,2020,85.0,201.40198212972948,1,0.9977052955288952,1
samjohnstone,2020,26.0,23.12457093240036,0,0.00036059673107189657,0
sanderberge,2020,106.0,319.6247186929614,1,0.9999209458757861,1
scottcarson,2020,67.0,93.37654590410104,1,0.9998726932634859,1
scottdann,2020,12.0,88.62210581574418,0,0.998546346146555,1
scottmctominay,2020,17.0,28.537492335832876,0,0.022194429048522406,0
seadkolasinac,2020,12.0,154.88364572311298,0,0.9925615630497036,1
seanlongstaff,2020,24.0,69.42148669110676,0,0.5467538058159526,1
sergeaurier,2020,40.0,69.00409631393593,1,0.9901656755898094,1
shkodranmustafi,2020,102.0,141.12722057983927,1,0.8330623444976453,1
sollymarch,2020,171.0,115.008629610844,1,0.9985034432333829,1
stefanjohansen,2020,52.0,36.023774774620705,1,0.9378850361078208,1
stevenbergwijn,2020,27.0,52.0320816701448,0,0.9829844361310904,1
stuartarmstrong,2020,25.0,38.62748390143509,0,0.8612561985541742,1
tammyabraham,2020,43.0,82.76023240647592,1,0.9976296210827719,1
tariqlamptey,2020,288.0,176.4218186895057,1,0.9978023595492017,1
terencekongolo,2020,366.0,289.37445618956224,1,0.9991407550083875,1
theowalcott,2020,67.0,60.250815908058236,1,0.9994188130612152,1
thomaspartey,2020,81.0,61.78084052146746,1,0.994999107903393,1
timothycastagne,2020,134.0,117.05718430478372,1,0.9992359480476191,1
timowerner,2020,7.0,11.713353877750983,0,0.0034062748419828354,0
tobyalderweireld,2020,14.0,10.969861470319318,0,0.000651513232125527,0
tomcairney,2020,288.0,286.7262916652138,1,0.9995638093697817,1
tomdavies,2020,7.0,17.157722630717736,0,0.0001561540025993964,0
tomdavies,2020,7.0,20.32068014072217,0,0.00014985652224507075,0
tomheaton,2020,32.0,103.42165080808086,1,0.9909670797707042,1
tommydoyle,2020,15.0,25.154406652421,0,0.0008118811259793621,0
tyrickmitchell,2020,49.0,101.96520742563513,1,0.9213442717588471,1
virgilvandijk,2020,254.0,214.0754916682424,1,0.9974267569820131,1
waynehennessey,2020,122.0,128.05836572039897,1,0.9866743720076178,1
wesleyfofana,2020,44.0,60.368352817216234,1,0.947309627714329,1
wesmorgan,2020,121.0,142.0450179654895,1,0.8704862167540508,1
wilfredndidi,2020,84.0,63.49733244379435,1,0.9976418725798412,1
wilfriedzaha,2020,52.0,95.1825366607375,1,0.9978702790683928,1
willyboly,2020,45.0,80.94876272881743,1,0.9879372591757367,1
xherdanshaqiri,2020,40.0,125.20174123621929,1,0.9991768100999593,1
yanvalery,2020,13.0,61.43038776141234,0,0.9328430631119619,1
yerrymina,2020,83.0,33.89216333189358,1,0.9991993174995788,1
zacksteffen,2020,30.0,38.00242120939034,1,0.8382058667861613,1
